<?xml version='1.0' encoding='utf-8'?>
<store><item><name>Fluffy</name><price>1500.0</price><description>Adorable gray kitten with green eyes.</description><image_path>pet01.webp</image_path><gender>Male</gender><size>Small</size></item><item><name>Buddy</name><price>2000.0</price><description>Friendly and loyal golden retriever with a shiny coat.</description><image_path>pet02.webp</image_path><gender>Female</gender><size>Large</size></item><item><name>Cluckster</name><price>50.0</price><description>Cute and fluffy white chicken with yellow feathers.</description><image_path>pet03.webp</image_path><gender>Female</gender><size>Small</size></item><item><name>Cocoa</name><price>1800.0</price><description>Elegant black poodle with curly fur and a playful personality.</description><image_path>pet04.webp</image_path><gender>Male</gender><size>Medium</size></item><item><name>Mittens</name><price>1200.0</price><description>Graceful Siamese cat with striking blue eyes and a sleek coat.</description><image_path>pet05.webp</image_path><gender>Female</gender><size>Small</size></item><item><name>Rainbow</name><price>800.0</price><description>Colorful cockatoo with vibrant plumage and a playful attitude.</description><image_path>pet06.webp</image_path><gender>Male</gender><size>Medium</size></item><item><name>Tank</name><price>1600.0</price><description>Muscular bulldog with a wrinkled face and a friendly demeanor.</description><image_path>pet07.webp</image_path><gender>Male</gender><size>Medium</size></item><item><name>Sunny</name><price>700.0</price><description>Colorful parrot with a chatty personality and a love for fruits.</description><image_path>pet08.webp</image_path><gender>Female</gender><size>Small</size></item><item><name>Thumper</name><price>250.0</price><description>Fluffy white rabbit with floppy ears and a gentle nature.</description><image_path>pet09.webp</image_path><gender>Male</gender><size>Small</size></item><item><name>Spot</name><price>1800.0</price><description>Energetic Dalmatian with distinctive black spots and a playful spirit.</description><image_path>pet10.webp</image_path><gender>Female</gender><size>Large</size></item></store>